{
  "nodes": {
    "pdf-extract#1": {
      "contentWidth": 554.5949074365046,
      "rfNode": {
        "position": {
          "x": 1418,
          "y": 0
        }
      }
    },
    "upload-to-cloud#1": {
      "contentWidth": 350,
      "rfNode": {
        "position": {
          "x": 1002,
          "y": 455
        }
      }
    },
    "get-task-result#2": {
      "rfNode": {
        "position": {
          "x": 2039,
          "y": 401
        }
      }
    },
    "+python#1": {
      "contentWidth": 450,
      "rfNode": {
        "position": {
          "x": 2525,
          "y": 129
        }
      }
    },
    "+python#2": {
      "contentWidth": 450,
      "rfNode": {
        "position": {
          "x": 486,
          "y": 129
        }
      }
    },
    "extract_zip#1": {
      "contentWidth": 350,
      "rfNode": {
        "position": {
          "x": 3495.629140714797,
          "y": 1089.5228686343742
        }
      }
    },
    "list_files_from_folder#1": {
      "contentWidth": 350,
      "rfNode": {
        "position": {
          "x": 4011.629140714797,
          "y": 1089.5228686343742
        }
      }
    },
    "+python#3": {
      "contentWidth": 450,
      "rfNode": {
        "position": {
          "x": 4540.629140714796,
          "y": 829.5228686343742
        }
      }
    },
    "markdown-to-epub#1": {
      "rfNode": {
        "position": {
          "x": 5056.629140714796,
          "y": 1076.0228686343742
        }
      }
    },
    "url2file#1": {
      "contentWidth": 350,
      "rfNode": {
        "position": {
          "x": 2991.3900595971263,
          "y": 1057.6565131792427
        }
      }
    }
  },
  "pseudoNodes": {
    "input": {
      "rfNode": {
        "position": {
          "x": 0,
          "y": 446
        }
      }
    },
    "output": {
      "rfNode": {
        "position": {
          "x": 5751.936568054315,
          "y": 743
        }
      }
    }
  }
}